INSERT INTO users (id, name, username, email, password, created_at, updated_at) VALUES
    ('01J00000000000000000000001', 'Admin Operator', 'admin', 'admin@example.test', '$2y$12$BthihhEwJ.8OVJidzVoCMugOj4P.E7DNEGfBcb9dpmDObkQmPk/TS', CURRENT_TIMESTAMP, CURRENT_TIMESTAMP),
    ('01J00000000000000000000002', 'Customer User', 'customer', 'customer@example.test', '$2y$12$BthihhEwJ.8OVJidzVoCMugOj4P.E7DNEGfBcb9dpmDObkQmPk/TS', CURRENT_TIMESTAMP, CURRENT_TIMESTAMP),
    ('01J00000000000000000000003', 'Scanner Permission User', 'scanner', 'scanner@example.test', '$2y$12$BthihhEwJ.8OVJidzVoCMugOj4P.E7DNEGfBcb9dpmDObkQmPk/TS', CURRENT_TIMESTAMP, CURRENT_TIMESTAMP);

INSERT INTO roles (id, name, guard_name, created_at, updated_at) VALUES
    ('01J00000000000000000000010', 'admin', 'web', CURRENT_TIMESTAMP, CURRENT_TIMESTAMP),
    ('01J00000000000000000000011', 'super_admin', 'web', CURRENT_TIMESTAMP, CURRENT_TIMESTAMP),
    ('01J00000000000000000000012', 'customer', 'web', CURRENT_TIMESTAMP, CURRENT_TIMESTAMP);

INSERT INTO permissions (id, name, guard_name, created_at, updated_at) VALUES
    ('01J00000000000000000000020', 'scanner.access', 'web', CURRENT_TIMESTAMP, CURRENT_TIMESTAMP);

INSERT INTO model_has_roles (role_id, model_type, model_id) VALUES
    ('01J00000000000000000000010', 'App\\Models\\User', '01J00000000000000000000001'),
    ('01J00000000000000000000012', 'App\\Models\\User', '01J00000000000000000000002');

INSERT INTO model_has_permissions (permission_id, model_type, model_id) VALUES
    ('01J00000000000000000000020', 'App\\Models\\User', '01J00000000000000000000003');

INSERT INTO tickets (id, parent_id, name, created_at, updated_at) VALUES
    ('01J00000000000000000000100', NULL, '5K', CURRENT_TIMESTAMP, CURRENT_TIMESTAMP),
    ('01J00000000000000000000101', '01J00000000000000000000100', '5K Early Bird', CURRENT_TIMESTAMP, CURRENT_TIMESTAMP);

INSERT INTO orders (id, user_id, ticket_id, number, status, created_at, updated_at, deleted_at) VALUES
    ('01J00000000000000000001000', '01J00000000000000000000002', '01J00000000000000000000101', '260622/VALID', 'paid', CURRENT_TIMESTAMP, CURRENT_TIMESTAMP, NULL),
    ('01J00000000000000000001001', '01J00000000000000000000002', '01J00000000000000000000101', '260622/PENDING', 'pending', CURRENT_TIMESTAMP, CURRENT_TIMESTAMP, NULL),
    ('01J00000000000000000001002', '01J00000000000000000000002', '01J00000000000000000000101', '260622/EMPTY', 'paid', CURRENT_TIMESTAMP, CURRENT_TIMESTAMP, NULL),
    ('01J00000000000000000001003', '01J00000000000000000000002', '01J00000000000000000000101', '260622/MULTI', 'paid', CURRENT_TIMESTAMP, CURRENT_TIMESTAMP, NULL),
    ('01J00000000000000000001004', '01J00000000000000000000002', '01J00000000000000000000101', '260622/PICKED', 'paid', CURRENT_TIMESTAMP, CURRENT_TIMESTAMP, NULL),
    ('01J00000000000000000001005', '01J00000000000000000000002', '01J00000000000000000000101', '260622/DELETED', 'paid', CURRENT_TIMESTAMP, CURRENT_TIMESTAMP, CURRENT_TIMESTAMP);

UPDATE orders
SET race_pack_picked_up_at = CURRENT_TIMESTAMP,
    race_pack_picked_up_by = '01J00000000000000000000001'
WHERE id = '01J00000000000000000001004';

INSERT INTO participants (id, order_id, name, bib_name, bib_number, ukuran_jersey, phone, email, identity, created_at, updated_at) VALUES
    ('01J00000000000000000002000', '01J00000000000000000001000', 'Valid Runner', 'VALID RUNNER', 'S0001', 'L', '08123456789', 'runner@example.test', '1234567890123456', CURRENT_TIMESTAMP, CURRENT_TIMESTAMP),
    ('01J00000000000000000002001', '01J00000000000000000001001', 'Pending Runner', 'PENDING RUNNER', 'S0002', 'M', NULL, NULL, NULL, CURRENT_TIMESTAMP, CURRENT_TIMESTAMP),
    ('01J00000000000000000002003', '01J00000000000000000001003', 'Multi Runner A', 'MULTI A', 'S0003', 'S', NULL, NULL, NULL, CURRENT_TIMESTAMP, CURRENT_TIMESTAMP),
    ('01J00000000000000000002004', '01J00000000000000000001003', 'Multi Runner B', 'MULTI B', 'S0004', 'XL', NULL, NULL, NULL, CURRENT_TIMESTAMP, CURRENT_TIMESTAMP),
    ('01J00000000000000000002005', '01J00000000000000000001004', 'Picked Runner', 'PICKED RUNNER', 'S0005', 'L', NULL, NULL, NULL, CURRENT_TIMESTAMP, CURRENT_TIMESTAMP),
    ('01J00000000000000000002006', '01J00000000000000000001005', 'Deleted Runner', 'DELETED RUNNER', 'S0006', 'L', NULL, NULL, NULL, CURRENT_TIMESTAMP, CURRENT_TIMESTAMP);

INSERT INTO external_participants (id, category_ticket_id, name, bib_name, bib_number, bib_number_normalized, created_at, updated_at) VALUES
    ('01J00000000000000000003000', '01J00000000000000000000100', 'VIP Runner', 'VIP RUNNER', 'V0001', 'V0001', CURRENT_TIMESTAMP, CURRENT_TIMESTAMP),
    ('01J00000000000000000003001', '01J00000000000000000000100', 'VIP Picked Runner', NULL, 'V0002', 'V0002', CURRENT_TIMESTAMP, CURRENT_TIMESTAMP);

UPDATE external_participants
SET race_pack_picked_up_at = CURRENT_TIMESTAMP,
    race_pack_picked_up_by = '01J00000000000000000000001'
WHERE id = '01J00000000000000000003001';
